<?xml version="1.0" encoding="utf-8" ?><dwsync><file name=".DS_Store" server="web-huertas.com/public_html/work/programs/Server4350/" local="3496865824" remote="7787247436" Dst="-1" /><file name="User.php" server="web-huertas.com/public_html/work/programs/Server4350/" local="3496869991" remote="7791833656" Dst="-1" /><file name=".DS_Store" server="web-huertas.com/public_html/work/programs/CityTaxi_Server/" local="3496865824" remote="7791908116" Dst="-1" /><file name="User.php" server="web-huertas.com/public_html/work/programs/CityTaxi_Server/" local="3499104063" remote="3499104060" Dst="-1" /><file name="DB.php" server="web-huertas.com/public_html/work/programs/CityTaxi_Server/" local="3496944617" remote="7791908536" Dst="-1" /><file name="Config.php" server="web-huertas.com/public_html/work/programs/CityTaxi_Server/" local="3496944617" remote="-4611714774031460380" Dst="-1" /><file name="Taxi.php" server="web-huertas.com/public_html/work/programs/CityTaxi_Server/" local="3496949574" remote="3496945920" Dst="-1" /><file name="RequestTaxi.php" server="web-huertas.com/public_html/work/programs/CityTaxi_Server/" local="3500223970" remote="3500225460" Dst="-1" /></dwsync>